[{"id":0,"bpm":120,"name":"Rock Hit","type":4,"notes":[6,1,2,0,0,0,0,0,0,0,0,0,0,0,0,0,0,0,0,0,0,0,0,0,0,0,0,0,0,0,0,0,0,0,0,0,0,0,0],"ticks":13,"envelope":{"attack":0.05,"volume":0.2,"sustain":0.2}},{"id":1,"bpm":120,"name":"Dirt Move","type":4,"notes":[7,4,1,1,4,1,0,0,0,0,0,0,0,0,0,0,0,0,0,0,0,0,0,0,0,0,0,0,0,0,0,0,0],"ticks":11,"envelope":{"attack":0.8,"volume":0.4,"sustain":0.1}},{"id":2,"bpm":160,"name":"Rock Break","type":4,"notes":[4,1,3,8,2,3,11,2,3,0,0,0,0,0,0,0,0,0,0,0,0],"ticks":7,"envelope":{"attack":0.05,"volume":0.2,"release":0.05,"sustain":0.15}},{"id":3,"bpm":120,"name":"Nutrient Grab","type":3,"notes":[8,5,1,11,5,1,4,6,1,0,0,0,0,0,0,0,0,0,0,0,0],"ticks":7,"envelope":{"attack":0.03,"volume":0.4,"sustain":0.75}},{"id":4,"bpm":120,"name":"Rock Hit 2","type":4,"notes":[8,1,2,0,0,0,0,0,0,0,0,0,0,0,0,0,0,0,0,0,0,0,0,0,0,0,0,0,0,0,0,0,0,0,0,0,0,0,0],"ticks":13,"envelope":{"attack":0.04,"volume":0.2}},{"id":5,"bpm":120,"name":"Rock Hit 3","type":4,"notes":[11,1,2,0,0,0,0,0,0,0,0,0,0,0,0,0,0,0,0,0,0,0,0,0,0,0,0,0,0,0,0,0,0,0,0,0,0,0,0,0,0,0],"ticks":14,"envelope":{"attack":0.03,"volume":0.2,"sustain":0.3}},{"id":6,"bpm":180,"name":"Start Button","type":0,"notes":[11,5,1,4,6,1,8,6,1,0,0,0,0,0,0,0,0,0,0,0,0,0,0,0,0,0,0,0,0,0,0,0,0,0,0,0,0,0,0,0,0,0,0,0,0,0,0,0,0,0,0,0,0,0],"ticks":18},{"id":7,"name":"Dirt Move 2","bpm":160,"ticks":2,"type":4,"notes":[7,4,1,1,4,1],"envelope":{"attack":0.8,"volume":0.4}}]